Full Name,Email,Phone Number,Job Title,Address
Phan Hiep test import ,hiep333@gmail.com,4444444444,Developer,ddd
Phan Hiep test import  hai,hiep444@gmail.com,5555555554,Tester,zxcv
Phan Hiep test import  ba,hiep444@gmai.com,5555555555,Tester,sdfsf
Phan Hiep test import  bay,hiep3333@gmail.com,5555595555,Developer,f
Phan Hiep test import  tam,hiep33334@gmail.com,5555545555,Developer,sdfsf
Bich,bich7@gmai.com,5455545555,Developer,
,,,,
,,,,
,,,,
,,,,
,,,,
,,,,
,,,,
,,,,
Bich That,bich@gmai.com,0963690628,Developer,Bich
,,,,
